parameter,value
theta1,-0.1727222172352381
theta2,-0.172263237106448
theta3,-0.09471025424131897
theta4,-0.3214163499742589
