parameter,value
theta1,-0.5038185628066693
theta2,-0.20751320278483143
theta3,0.030449507287007238
theta4,-0.2807111158576355
