threshold,threshold_quantile,accuracy,precision,recall,f1,roc_auc,pr_auc,false_positive_rate,recall_at_5pct_fpr,noise_seed
0.341064453125,0.95,0.5,0.5,0.2,0.2857142857142857,0.5,0.62,0.2,0.2,101
0.355712890625,0.95,0.5,0.5,0.2,0.2857142857142857,0.4800000000000001,0.6142857142857143,0.2,0.2,202
0.34423828125,0.95,0.5,0.5,0.2,0.2857142857142857,0.5800000000000001,0.6453968253968254,0.2,0.2,303
