parameter,value
theta1,-0.22415580553354428
theta2,-0.11295056907766678
theta3,-0.09354511034465841
theta4,-0.3794136674011195
